https://free.iiifhosting.com/iiif/3347bb6d6a154f74322f684dc3cfb95d0c6689b265e2295a5312d85d9a1a8824	http://iiif-server-atjcn6za6q-uc.a.run.app/iiif/d01620dac7c3d2f1a37913400718a5a56148bfa554b0ac07d9812c05
https://free.iiifhosting.com/iiif/6200dae7e2d457a3daabeb6322c6939de19f9d4be61384804106ddd6e78e749	http://iiif-server-atjcn6za6q-uc.a.run.app/iiif/14e2bd37650b32edcb595bd48b3cca29ccbbf09330f1d296f123aa1d
https://free.iiifhosting.com/iiif/eb5b91dd7f35635d6a3f55a5c1d3dd73752561c3c4850b0db5f7669b5cb6e90e	http://iiif-server-atjcn6za6q-uc.a.run.app/iiif/9e2f927de74af2dc1f77a72f03f553ff47ac6ccda20d04b16025e1ff
https://free.iiifhosting.com/iiif/2937ace51121a61e234cc4d4b355d471134589eb625caef3599433956a83f8bd	http://iiif-server-atjcn6za6q-uc.a.run.app/iiif/fb5cb888ca0c39978e608e9dd23b7d696e1011c137c014dfb60e45d2
https://free.iiifhosting.com/iiif/4a58c0c6e0b0b179a4b3a47519494fc3fe65a794d9cc69497d9d6b75ab2dd6f0	http://iiif-server-atjcn6za6q-uc.a.run.app/iiif/5a468666fc55f7d2cd46f9b78d7f83afc8ab4c55af18c2456c2c6e3a
https://free.iiifhosting.com/iiif/34a7a3e1020a9ff339126466f720754151ee1381063428e09f3423ebd4fa030	http://iiif-server-atjcn6za6q-uc.a.run.app/iiif/d7bb9b609a1d5965c1f01fb3d75924a1f2186323afb2fc2f43a01a65
https://digital.onb.ac.at/rep/access/iiif/image/v2/5af078d29f16830c5724f179b4beb33d515d7b64c56e03062f6737a07bc4dd4b339f9aefdef459ddebadfff555bbd0993bc3bbbda7b36d	http://iiif-server-atjcn6za6q-uc.a.run.app/iiif/32eb6a56862dc00f0f0ea56149029083ba43b9984a2ceedd6f77bd73
https://free.iiifhosting.com/iiif/98c5f57bc43ce9d74595057b2a36e1fb8a6ce158f78fa754bbc97607e8bc702c	http://iiif-server-atjcn6za6q-uc.a.run.app/iiif/f873b943f0a01c96b959b785bcc00f311cfc809edac05b00405851a7
https://free.iiifhosting.com/iiif/48ab8064eb0cd8bf3079f6ffdcc1a696cd8c85818bbdc8b0e27087040e1bcbc7	http://iiif-server-atjcn6za6q-uc.a.run.app/iiif/7e996e0fa9be548a36cac250e248e491d0e2916ee5b69c50b41c4592
https://free.iiifhosting.com/iiif/5abb4c1e899b151d63f7b33716a86419b163b27153770c5ab3033aa3a9ce5ac5	http://iiif-server-atjcn6za6q-uc.a.run.app/iiif/e90b7e462b6a1201e0c34e18fba4fb89b9360d6a7f5045da92920417
https://free.iiifhosting.com/iiif/195629a716b6f4be827fdebea7cfcc8d34be84cd7dbca1cddbd2390e655c9255	http://iiif-server-atjcn6za6q-uc.a.run.app/iiif/1b355f0b7992fb7dd94475145c4143eedd9421cb96c973d037c42b10
https://free.iiifhosting.com/iiif/a8ec4b33a1e3e57e2b519597547d95b758912f2f7e28aaf637ac6db6f1367afe	http://iiif-server-atjcn6za6q-uc.a.run.app/iiif/6364b4e738b4b8b2614517aa53e0a33ef3c2f71685646e6ee83607f7
https://free.iiifhosting.com/iiif/760692f87bec522066f11a99cb7c8828b3123c559e7e9675485d96beae891d8c	http://iiif-server-atjcn6za6q-uc.a.run.app/iiif/200fb7fade26a24471a1afe9291434cd727c54913a53cf16f83fed7d
https://free.iiifhosting.com/iiif/646de514086f8a2fcd9ae74da999826bcc503f8ea0bd0768c28fad5f6ee0473f	http://iiif-server-atjcn6za6q-uc.a.run.app/iiif/cbec08f3ae6441c52b70bf1004c13491fb601a925b8711b551edb1b8
https://free.iiifhosting.com/iiif/f14f44fd4c509ed374e063523526999a2622cefe3c843e45701894773ac04ae4	http://iiif-server-atjcn6za6q-uc.a.run.app/iiif/d32b11a3c054b3ca91d97e7a5283279f3d8fa981481611338b3c0b27
https://free.iiifhosting.com/iiif/d2d1ccae9741a706a1317caeceb6c8a51473118d4f996694af69180a5125e932	http://iiif-server-atjcn6za6q-uc.a.run.app/iiif/463b51f8143aa9fd5ce79dbc85dcaf15c19595225052002816abfebb
https://free.iiifhosting.com/iiif/32a12b0fa88f0c6ba73b2e4b088c9326c882ef98acd15b9f65801bad93aa848c	http://iiif-server-atjcn6za6q-uc.a.run.app/iiif/ef6872de0c0a4bd0e3f235bff75b19db047ed8688ae58132ff5356de
https://free.iiifhosting.com/iiif/3918172653ccd56ca7ad7f3612d59baf18a6b8a2345156803ba11c6116d4c9ce	http://iiif-server-atjcn6za6q-uc.a.run.app/iiif/582d7d5cdda8e0a3236e91218e5091b1b95e12ded14bdfed9ca894b7
https://free.iiifhosting.com/iiif/562d00802dfc048daf53333a4a7b6b6747f5679541a52741777aa9a2523c8fc1	http://iiif-server-atjcn6za6q-uc.a.run.app/iiif/2134707874097220de38f16e24f420028785935f94311c7e4e9c98a1
https://free.iiifhosting.com/iiif/89b04fb220e7f7ae0230e1fea6cb96eeec61bbf111e4c319ba2c35597c823b12	http://iiif-server-atjcn6za6q-uc.a.run.app/iiif/6fc602f3ddcbd5e0f9346886b2ace17328df0386f4d1e4f14bdf7b4f
https://free.iiifhosting.com/iiif/fd2faf7e4a10618101cd50ce0e76b6076147280b33a104c0494dc62c6ba4940	http://iiif-server-atjcn6za6q-uc.a.run.app/iiif/166e1a052cbd08be36c039de271df48e864ad924d5ea953c0a88b70a
https://free.iiifhosting.com/iiif/d6df587a4e5d5cba7c1a9b4c564ecf551658c832252cdb0c0ce4c8e045ab617	http://iiif-server-atjcn6za6q-uc.a.run.app/iiif/8278cd40f1e944c2d14ac1a5fd4a254e24b8ec49b7752accb7f726dc
https://free.iiifhosting.com/iiif/b2af3fab596d08bc8e7fedf0978f473630b02d060698fab10d4dca96d60a3953	http://iiif-server-atjcn6za6q-uc.a.run.app/iiif/a6f9a5f34c4baf67eb57517e23d0257502096e585f1754aefe6986f9
https://free.iiifhosting.com/iiif/4bfcf3e23a113834cb212f71f469f27d38a6b50f65b9a6d4e18660826ed0183	http://iiif-server-atjcn6za6q-uc.a.run.app/iiif/c1de02918d4e4c337fd773b8b84f28cd86516bc79545da6c8c175619
https://free.iiifhosting.com/iiif/72c58be34b2429199d89a80256a24b1b626852cc519f79cf4647cd17a04c7620	http://iiif-server-atjcn6za6q-uc.a.run.app/iiif/f20dcceccfbeec0ff9983b9dc6b306e47652d85e26c4a61d50a41005
https://free.iiifhosting.com/iiif/3558e47b54381fa7be38359b04c61c8fe4409fd11e26be7527877e3136675540	http://iiif-server-atjcn6za6q-uc.a.run.app/iiif/9ba620f1ea30bf3165f710fb9019f868e3834433f26cbbf8d4c81485
https://free.iiifhosting.com/iiif/49fab4b0607c3ff75510654cc60c45c2b6efa6cdb4540dd29205ff8c4c59df77	http://iiif-server-atjcn6za6q-uc.a.run.app/iiif/c673471769c61e9c4036d55c107d9f85a55cb76dff8194c11e33a60d
https://free.iiifhosting.com/iiif/78b2cc135e9f4734e8af6986f4dfcfedd63afda215e76905048b8dfc78c40a68	http://iiif-server-atjcn6za6q-uc.a.run.app/iiif/4d7586a6ead2108fe8a066ce78734eb6ba937ae02d4a76f10c4616d5
https://free.iiifhosting.com/iiif/51c7e3b0302d8495c835f6122027132640b3a5aecce3818f52a2d4dcf322e5a7	http://iiif-server-atjcn6za6q-uc.a.run.app/iiif/47b2fa46b30bf7cc091bd2ce1da26d2e9526ac9219c58745050de8d3
https://free.iiifhosting.com/iiif/d6fb838bba364d64254263290938ca91a2ea845f8ddbe9d363d26769668dc203	http://iiif-server-atjcn6za6q-uc.a.run.app/iiif/8b542b1077f4054dce7f6449b4602a63c39659f86aa421f190177a3c
https://free.iiifhosting.com/iiif/c27e59645de74c0ff1446a3d76c876eeeedf6ef614675f827ff7ad91cd2d7bd	http://iiif-server-atjcn6za6q-uc.a.run.app/iiif/b31af070b4bedf867e3a24cdc5a84fe39d2da6b051b34e6729de5095
https://free.iiifhosting.com/iiif/2527ec5a2872e05ee6fd2b33f32734d20fb15007c02c6b7856749a462ab331d2	http://iiif-server-atjcn6za6q-uc.a.run.app/iiif/640a6eb8ae5548a0c1b77d6dff263208e36fb359bd6bf415aab38a2f
https://free.iiifhosting.com/iiif/cf3485172b4ac958129b5c787f8f080862be84be54e90fc59a175385fcdbec7f	http://iiif-server-atjcn6za6q-uc.a.run.app/iiif/28085794cf5b01fa2de5dca5c957a0f21f27d21b18f7ce92d0f6a005
https://free.iiifhosting.com/iiif/975f8d324490d692aaecf828d3cc04491a3050bcf1bc003bcd21c32c43967d22	http://iiif-server-atjcn6za6q-uc.a.run.app/iiif/19bc974fae7aaf3a368b76326c31573bd23c1097b3ec8d6e702f09ae
https://free.iiifhosting.com/iiif/e533413d93ef9a6d37663d62d4186d0b50b0ee6d6e4031fbbfb02368f0a7d078	http://iiif-server-atjcn6za6q-uc.a.run.app/iiif/a3f86e7d7a57e09be231b75520404996bf2ca9138ea167ff6070ed9c
https://free.iiifhosting.com/iiif/94e954de155f644cc8af1fda94cfd276dee31d2d4ecf13411bd14e30dc751277	http://iiif-server-atjcn6za6q-uc.a.run.app/iiif/4ff0bcd34fc199b687a88f05ff85c6dd12086333c311d3bbf98dc2bc
https://free.iiifhosting.com/iiif/4fabf0c11565ac67596e5189563c329fb8505f48d62e1159aa69a07c376b3cf5	http://iiif-server-atjcn6za6q-uc.a.run.app/iiif/e477e6e7b3a4e995bdd354ad6132d2dbcc3b1d7678dba8e26b605f3f
https://free.iiifhosting.com/iiif/84119127c7f526542f5eb3ea6d26ea650164bd02da354aee4072d51b0e038ecc	http://iiif-server-atjcn6za6q-uc.a.run.app/iiif/8e4a48c3d708ee4de66a2fa3cee930a368f691a0390c9b0df8554f7a
https://free.iiifhosting.com/iiif/e2c3225ca538576146630525fef3e274471a13a5faf99484666af30088686e37	http://iiif-server-atjcn6za6q-uc.a.run.app/iiif/846ecd041cd3d1f2b36e9dae501fd2be96b47496f992ea5429a157c2
https://free.iiifhosting.com/iiif/345189b3ed49ac2de648212f945ff93329edb6abea47a9e0c5db62af018f55d7	http://iiif-server-atjcn6za6q-uc.a.run.app/iiif/af464c9ca79ae4d09d1d7f8c67a9a5732eb0731feabfb986ae228822
https://free.iiifhosting.com/iiif/27b82f46a0afa5b89b56cc8fb9ceeebbc78da30c1b8d269460c3594306018e3f	http://iiif-server-atjcn6za6q-uc.a.run.app/iiif/5e57d748035236278499bfdce867dda4203c70ac7b1984da65e4c3db
https://free.iiifhosting.com/iiif/5830fe82d6be0df5d45c17bc83a8beceaa17fa1efc1b2d6e60732d328fb4e06b	http://iiif-server-atjcn6za6q-uc.a.run.app/iiif/e315ec4d94545dcf3f1807dc3790b8555e99f22a583eace030d4ea11
https://free.iiifhosting.com/iiif/b0ea8ee9284df2112bd0f421c518fddbd90eaaaa1957fe2d0afda44ae013d610	http://iiif-server-atjcn6za6q-uc.a.run.app/iiif/347e4153c58a44d1fbd7582002739ab2de8e6da51556e82f090023ac
https://free.iiifhosting.com/iiif/3e03f9763470d4a3ebe54dc0d427257adc745a0458beaab00d585acc7a9cb661	http://iiif-server-atjcn6za6q-uc.a.run.app/iiif/7d0508bce714b1f884410df4e1a2c66183dc4196b2c9da95d3b282d5
https://free.iiifhosting.com/iiif/7928c7b2146643ad6926917defccaa028afe2fb9ac64ab839df631617af2324d	http://iiif-server-atjcn6za6q-uc.a.run.app/iiif/67a4c9a65d70acd8596f1486e37bb52668f9d095866b9bf4845097cc
https://free.iiifhosting.com/iiif/9201fac3dc12a8c2547b6524c259f28720b0405262d29f9b36939c137f81665a	http://iiif-server-atjcn6za6q-uc.a.run.app/iiif/8b87882760c56ba4f6013e9f110750d9b78e425017d4995a3b395ea5
https://free.iiifhosting.com/iiif/feeb98f2c94d9d9c2ba60032af86c0c1b08da7bd47cbcbb7505c8c99ee1baf6b	http://iiif-server-atjcn6za6q-uc.a.run.app/iiif/520dd2ff677a2149e1b46655acb0d5929af1007a10b83426b72b6103
https://free.iiifhosting.com/iiif/38c5f38f8742871851f8f21fbb0267eaf4f60d3d8517185acf44bf2c1ba40b59	http://iiif-server-atjcn6za6q-uc.a.run.app/iiif/1d6207a54c38eb8d71500ef87ea7bcb75eea1a773f4bffe8dfe952b9
https://free.iiifhosting.com/iiif/6b595c382d10ee777bd186cb9975ce9402fc476b16db4d126da03233b303d22f	http://iiif-server-atjcn6za6q-uc.a.run.app/iiif/35bfc48cf5b5a86059e225fa17a413ab9255b9c1e86674bd37daa9ef
https://free.iiifhosting.com/iiif/15d689918721afb56aa94e089263fddc9da134952d6fcbf49903fdb9d78b083a	http://iiif-server-atjcn6za6q-uc.a.run.app/iiif/fe7ca6778d4211904e2d0c9e8694892bc7afcbfbfea1e1b20e351ed6
https://digital.onb.ac.at/rep/access/iiif/image/v2/5af078d29f16830e265eff7ab2beb33959557f6bc7607878276736a371c0dc527785d8dab0f055dbe9e7baef178eb98222c3bd5c3f1c	http://iiif-server-atjcn6za6q-uc.a.run.app/iiif/8b77d092aed24e654a7486bb0815bdbe5c7c0a7575ca5a184ed4eb2d
https://free.iiifhosting.com/iiif/e4084bb554c7afe557802524b4330e2aeaa22b0fb01c47658a975992592733	http://iiif-server-atjcn6za6q-uc.a.run.app/iiif/1529131ddf5ba68ba31baaf6bd7e857c5c963b035e8ab376a3d84251
https://free.iiifhosting.com/iiif/8494251f553631e9df1976c9721d012e004ba53f0cbe7e47b8018edcd9803866	http://iiif-server-atjcn6za6q-uc.a.run.app/iiif/a44619fb8d5d5904fec5ccf405dddb8541aec61c1e606260bf355fd9
https://free.iiifhosting.com/iiif/88a29aabb1fd76c47ff6299fc325dc37240303d44d9a5ee34b72c6ce488ecfba	http://iiif-server-atjcn6za6q-uc.a.run.app/iiif/96989407d5ba38379e4f4f53e1587c43f67bea7fb7d46a10cee68a41
https://free.iiifhosting.com/iiif/2112f6719e694d4c75881a32a46aa9b6e67ab4073d123b5711c014caffdfcd3d	http://iiif-server-atjcn6za6q-uc.a.run.app/iiif/e1d3c11c9c539a1611ddc91bdbf37d0938a710aadccfbf48afe35802
https://free.iiifhosting.com/iiif/dc0c2e838a292c012c5a2a9be9dfc7da3634410f15080f83eb10ed5cd704aa54	http://iiif-server-atjcn6za6q-uc.a.run.app/iiif/34f5303982530c09d0a899419e4da1e3df7f0074e2b5bdb9332c83a3
https://free.iiifhosting.com/iiif/a7bedfc71c6439a6563876e2df3533c44e03e8a58e3970505619078052d17d92	http://iiif-server-atjcn6za6q-uc.a.run.app/iiif/3d554650a4cf22a8512c27d913a9e3a140e4bc2dc6fcf2aeb2edbae0
https://free.iiifhosting.com/iiif/2fd23720cebbeb7c10840ec729f5c6e829d4f8e9a367ebd8806375fc83662642	http://iiif-server-atjcn6za6q-uc.a.run.app/iiif/8d604fa2d014fd493da81d18577160ed40d175bc83a2923ecb686a1b
https://free.iiifhosting.com/iiif/a83271b6209fc9337dcf6febd8058c0ad012aebac54ea96dcfbc20224c52e6c9	http://iiif-server-atjcn6za6q-uc.a.run.app/iiif/c9da1d7c0eeab5615d47f1d5abfab49e1ee7c405a03b53dd2184ea9a
https://free.iiifhosting.com/iiif/39b6f11e7e380ce01f3314baa88664099767e81d6e89301c2919322fc76fa62	http://iiif-server-atjcn6za6q-uc.a.run.app/iiif/5de0f6f8a792a6f395fa5c871f00bbac4ecf2af5df268df12c5ad647
https://free.iiifhosting.com/iiif/f70d450f57e066a535b5b635bf5e2b5e7d0a1aaeddbe9030efa50ca1ccf346dc	http://iiif-server-atjcn6za6q-uc.a.run.app/iiif/c0d2ee4f5c295488f538f6b698963dbddfc426fe344725def3b86d58
https://free.iiifhosting.com/iiif/a18a1f2d1999b653d81974b1f6d6a2a95124958f5760046f940af0e81d763818	http://iiif-server-atjcn6za6q-uc.a.run.app/iiif/9c014feefb96f19ab0f6b711c287a5a577dc262485b090b435add8ad
https://free.iiifhosting.com/iiif/191b6ad7a19ab0e740b6903ce24c1799d8eaa9ad8c7f75dac2dae5e761dc169e	http://iiif-server-atjcn6za6q-uc.a.run.app/iiif/0cd4012fac2cb485472e128767865cdef6c22b2b707315f097c40253
https://free.iiifhosting.com/iiif/dff49ee3457c107abd985e09877fec7b4d05b877f22d3a40d4fb4edea23693c1	http://iiif-server-atjcn6za6q-uc.a.run.app/iiif/6a20fb9133be23eeba7415abacb7370b296da616152ce079e71e7a21
https://free.iiifhosting.com/iiif/6087d2b6b0d2838c87374e797ad912839b977066e07d6793c0ed416398663b39	http://iiif-server-atjcn6za6q-uc.a.run.app/iiif/7b64ec80f820fb96cc104301817fcac5376b6642bd4a8325a1775eae
https://free.iiifhosting.com/iiif/2e0ff14244b5153a850967d9f31a959714b2ce5c2392a6766ccccc3cdce28639	http://iiif-server-atjcn6za6q-uc.a.run.app/iiif/86b4e7656345cb43b075acc94d9bbcebad5ccc39992d9924f1b26731
https://free.iiifhosting.com/iiif/4e45c8fe9b59d63794418443e9c68a86d9b5aff329aad611089e50c3127e6097	http://iiif-server-atjcn6za6q-uc.a.run.app/iiif/c851619498099a638e8f9cf897761ec9dab4c33902e7fb7e6c89578e
https://free.iiifhosting.com/iiif/863f6aa97823b71efc993bd1196af9b352ec3316ded725e06317f161dbd4de32	http://iiif-server-atjcn6za6q-uc.a.run.app/iiif/e82ad9eb6f956fa596333c6a3284a8dfe3ccb3c54fce42cfe9f1bd83
https://free.iiifhosting.com/iiif/fdaa520a678840b8dadfde4fd172463c0c7a1311924bda8b9d481a5ea8cc2bca	http://iiif-server-atjcn6za6q-uc.a.run.app/iiif/f476e5ff96b5109d24ba9888e18254349391ce671298d4b38333a384
https://free.iiifhosting.com/iiif/f2ff7ed498fa6036b23a8ee189a5729fab607c2cf7bafe8dc6470a0f5026c518	http://iiif-server-atjcn6za6q-uc.a.run.app/iiif/3f10030dd445883ee63af4aaefdcf621addd610831c0cad0e7106121
https://free.iiifhosting.com/iiif/9b3c4b8c4f4d7b56b897cdff4a0a5a7dfd94396f80061f7d788e528b99ade5c7	http://iiif-server-atjcn6za6q-uc.a.run.app/iiif/411ccb6b3f2df1002d8f00def691484c5d21b8d26b7ff23eaa60f93d
https://free.iiifhosting.com/iiif/9bdd1b0098fba3547bbe0b2d2248ff601e9c7f5c5e2856945967b5b7568ebee5	http://iiif-server-atjcn6za6q-uc.a.run.app/iiif/bc4f1c3c8a83ca6bd3e083e2a912efc67c110e4c2cfd4b692220eae5
https://free.iiifhosting.com/iiif/e3ab48e21419975b3cca5429bc0b78e579f171bcc7429ac7c93ff03879ffa10f	http://iiif-server-atjcn6za6q-uc.a.run.app/iiif/26130dc10314fe06ebf098c63764c2ede7b5a5d82de59fe6dced3198
https://free.iiifhosting.com/iiif/f27f8df91eb4ef2ef1101cf1e7e6bb8440a115d69918d52df33d4c49e3d1b381	http://iiif-server-atjcn6za6q-uc.a.run.app/iiif/e21dfb0359aadda5d80be209cd98e94fe473199fee253237a5350ad9
https://free.iiifhosting.com/iiif/7c16c893f1fff5166a184974e0f628c45eb180da3c55ae62f583c9fbb6e5a82c	http://iiif-server-atjcn6za6q-uc.a.run.app/iiif/bde191b471a93b5a958593f3d855edddbae46d3ee22cb126dd706aec
https://free.iiifhosting.com/iiif/1e930cce1d5457cda382f7614129fe1cd54858d913eae60ecf843ea55a8d4679	http://iiif-server-atjcn6za6q-uc.a.run.app/iiif/61ec58950e56cbf6cbe76f3d7fe20d39e724e8457e5ea6ffbc6717b9
https://free.iiifhosting.com/iiif/2cc9758df68587a91610f08fb1de53fcfa4291522af1f01d57f479f8c2aa4f2c	http://iiif-server-atjcn6za6q-uc.a.run.app/iiif/528d8d5ad56344b95e56e0fa3605f83ba30131142f396c3b220677b5
https://free.iiifhosting.com/iiif/4ef39d1f29d1405af18ab528a3514e306a21ee0de08f96c0165c16446abf6bcb	http://iiif-server-atjcn6za6q-uc.a.run.app/iiif/768ec7d51f7b43dcacc7343b0b78f5b28415976ac2363005ef4352f9
https://free.iiifhosting.com/iiif/a80de62203711b78af0280cfd2d8a30deadf486cf19b2cd00a1857e9d9b41dc	http://iiif-server-atjcn6za6q-uc.a.run.app/iiif/5ba8e7ba8e87b0c1acaf7bf80fe525c467373f14c120e8ed5f0dd846
https://free.iiifhosting.com/iiif/fe4197be87aa5f5b9d7ac1f7145f3326bbb9c2013eab50acd52bc471f6877b91	http://iiif-server-atjcn6za6q-uc.a.run.app/iiif/17d5bd61ef55f3cbd7264aeac9377530f44d36b69f124d97e518b740
https://free.iiifhosting.com/iiif/a630256228f413e9d7035734d443e56dd24fbfbb892e8ca8aa72222baa9ded54	http://iiif-server-atjcn6za6q-uc.a.run.app/iiif/d484a737e150eb203963a5c308d00ca7f3b67a711d2a19bddb194fce
https://free.iiifhosting.com/iiif/5f59743bc757c101ca90448dbff6c83398bf64f9e4bb382a1c944048b6bea62b	http://iiif-server-atjcn6za6q-uc.a.run.app/iiif/cb43bf91ba0b8da43c8c273d443fc2fc8a513340e95049a3084d6e44
https://free.iiifhosting.com/iiif/782af0ffa38ea35f77feb3c1e7d70d65e0f9a0fd4120145373d560252b79c491	http://iiif-server-atjcn6za6q-uc.a.run.app/iiif/167ccaceb12271f8ee4136f03f5d4abcff31434afe898b38733b1696
https://free.iiifhosting.com/iiif/685217075d031c065b6e046fc83c6f4e66dc5620a78b353572dae31d3baf6560	http://iiif-server-atjcn6za6q-uc.a.run.app/iiif/7ae18a74cf58e4633e7c25c4a17e3a55562d0e93ce9949e470f612e4
https://free.iiifhosting.com/iiif/a83a8710fd8ed04608b4de83d1f70c23726e45358c635c6c1a445d4a9f53ad03	http://iiif-server-atjcn6za6q-uc.a.run.app/iiif/7aa7db5a79f081a3339aab504b75377b89c224f760bc6d99fb9eb535
https://free.iiifhosting.com/iiif/4ea69e0ba5477e680591467a2c22157b0743fd9590cad8a056c536f549570b15	http://iiif-server-atjcn6za6q-uc.a.run.app/iiif/a205c90b59f08cd777a4f7104830bf0a3d6e8bade934f513dfcf83eb
https://free.iiifhosting.com/iiif/d026eda41eb960fccc09e06f596e82101d5f27f6d5e16760a7d7f7a29b1151c1	http://iiif-server-atjcn6za6q-uc.a.run.app/iiif/d9557b9d5466bc83444102d96a1f230fdfa38527068f2a5a56f510b1
https://free.iiifhosting.com/iiif/460ee75a72bfd9898d68c95e3d472a744c5d9c11369352cadbad1c3527811ae4	http://iiif-server-atjcn6za6q-uc.a.run.app/iiif/10b5023aa0f74d8ce22329a0780825f0345a6d5cab59e750a4215c6c
https://free.iiifhosting.com/iiif/978e2de8bdb411d6771b876e9a8448f4265cf9f10acf540b0101329199a89db8	http://iiif-server-atjcn6za6q-uc.a.run.app/iiif/f559021a62921224f86065a905d98b0524fa596df78b25725a79f3ab
https://free.iiifhosting.com/iiif/7ca55edd9dbc5fdfde3e6dda9752b9f5a261e5ed3521c63df21c03adc402bafd	http://iiif-server-atjcn6za6q-uc.a.run.app/iiif/f2b6f3ea08d2bd58387fd65f6831f8fe67230acbcc7aeff9a89c97ee
https://free.iiifhosting.com/iiif/23116fa7e93226eee80e70a0e1f3977e7878f0684e4e5f60f00c46264f1bbcd3	http://iiif-server-atjcn6za6q-uc.a.run.app/iiif/12c9d6c10ead6fb4a6bde5b9f4c60aa18b0b29af7f452e4cc58c4354
https://free.iiifhosting.com/iiif/516cdc84a22b2083a9799fc5e9038f292b882d93008accafc6736fcc7a479e2d	http://iiif-server-atjcn6za6q-uc.a.run.app/iiif/d4402926b95fcf183a3bc6d1350e2d491550f8a1a2cede0c1253b74f
https://free.iiifhosting.com/iiif/8da1334e7e40fdba511a817c88d6255a209e4f212c43b8fdc2e391cef399f2ae	http://iiif-server-atjcn6za6q-uc.a.run.app/iiif/2880a2bb9667eae8a60162b99789dc9b6af14f839bc197b35bb65da3
https://free.iiifhosting.com/iiif/693320fee600a9175db5c230f53ad1d81710efd70c8d28a5f65dd362b2024319	http://iiif-server-atjcn6za6q-uc.a.run.app/iiif/44939e8d6a06799ec4372c48ad13481d1a20c5f62919f4f5cf7e2fea
https://free.iiifhosting.com/iiif/99999ef1dd752139541637b94606653de38378fa4ac824e0b23762ae6a7e0872	http://iiif-server-atjcn6za6q-uc.a.run.app/iiif/f533bc95f5d1dd021dc53544b0f4cdb88a6774fdab1717a9266e4b52
https://free.iiifhosting.com/iiif/aacf3abaad896beb01862bc51ab4ed86fce839b776e47abf074edcd10669b3d5	http://iiif-server-atjcn6za6q-uc.a.run.app/iiif/48ec99a56f76936c765b163c77f68061d5c33a0204e5197cf1f85e21
https://free.iiifhosting.com/iiif/f84a9b1b9a8424e673bd95c4bc5c2e4fc297e3bb9997d7187321c2c569850707	http://iiif-server-atjcn6za6q-uc.a.run.app/iiif/a55c631891fc5d9291c55f539ac0370cb36d00e408a82304be824fbb
https://free.iiifhosting.com/iiif/6557916e43c31aa89abefa13ee67041865b21501178a54546120f62e2f76f8a9	http://iiif-server-atjcn6za6q-uc.a.run.app/iiif/df22b9dde4dc727c3fa1044b2cf515426a4942d58fbeec08d18078a8
https://free.iiifhosting.com/iiif/ee216ae433a744b7feace745c3699b056a00e1148fa6c2c48c036239052451b	http://iiif-server-atjcn6za6q-uc.a.run.app/iiif/8132bea1e4c45f1444598c576af051f9b9f85cdff617c1ec0225005b
https://free.iiifhosting.com/iiif/ea0699ce15e4bd1c476e3a8e77dad52ef8d6bddef449ef73fda065637fe66fcb	http://iiif-server-atjcn6za6q-uc.a.run.app/iiif/f00e72eef86139e200840ff57655344eb361270c79e2cf3a3b51d4e3
https://free.iiifhosting.com/iiif/455c9b6b8e18e53afc9245e4ca99292ddb6b533ae390d13962a9a0a9a48cbde1	http://iiif-server-atjcn6za6q-uc.a.run.app/iiif/0d425bd5f0f52fda5f23e5b3b30ac339cb8ab287a59425d926a6eca2
https://free.iiifhosting.com/iiif/35d9c398db80e2a8b99a789dabda1aca84dfcfd34ae45d9906728150a99627c2	http://iiif-server-atjcn6za6q-uc.a.run.app/iiif/0b9330d5f113ef40563f501ae7b950aa4dc85fec60a341e6796a42bc
https://free.iiifhosting.com/iiif/3268690152f7b9d7d79a51f566580d8864e3a2f8ad7929d1c2d7e1e579d9f878	http://iiif-server-atjcn6za6q-uc.a.run.app/iiif/1b95d1619bbc0d7912b44e9001cf61bac5789caa0c46bbab8b5dcf07
https://free.iiifhosting.com/iiif/9dfd6a25b1b5bdee16cd197bd0a27fd20a8a6f8eea00334661247b9709d75c24	http://iiif-server-atjcn6za6q-uc.a.run.app/iiif/00affee68f37dba79bd94874102c680dbd25782728322b553412530c
https://free.iiifhosting.com/iiif/b80c7c2e7de1f812abaa39f51c780942da4c1bffb71195593e7aa48dda1215db	http://iiif-server-atjcn6za6q-uc.a.run.app/iiif/4fc7dd164ede7c2828ca2b4a0042bb9bba4db90bc5a009f9953193fc
https://free.iiifhosting.com/iiif/9056358155290d48d13d0b0b310b307de1b782adae82309e05347c7ff8d52195	http://iiif-server-atjcn6za6q-uc.a.run.app/iiif/0fb9d6c22ef336f3b8816f22f696f4091428ac1170051ab4389042cf
https://free.iiifhosting.com/iiif/f1f104ff9e83e4714bc61c2bd05a557fdc9f5ea54ec5e209386cbd4c6601ac5f	http://iiif-server-atjcn6za6q-uc.a.run.app/iiif/58bd13fd838fbecba69ecd297183107c3f12fc7407411e61527f5fb0
https://free.iiifhosting.com/iiif/86461450844c483da9e9ff986780958efe6ed73e2ec5cc8063c115c5a6b2a627	http://iiif-server-atjcn6za6q-uc.a.run.app/iiif/884942afe7948765fb315df617d5d8bfc44c26c1fc94086e31d656fc
https://free.iiifhosting.com/iiif/6d42401ad67b01c8cf934dc8d1a3aadd1c53192fb64515f2ccac5625ca02aa31	http://iiif-server-atjcn6za6q-uc.a.run.app/iiif/51702a78ef3bbb5673ed0677649791c474e497c161bfaca7c4083852
https://free.iiifhosting.com/iiif/ef8a3b60c75a50ca54480b6f012d917aa4cc8ed88cf20aa2863b27c52b726a3	http://iiif-server-atjcn6za6q-uc.a.run.app/iiif/ebe4feb5bd3b99691f3ff76052c6dedcf36072bc52bdcac602bdbf04
https://free.iiifhosting.com/iiif/df80e7c6c39244df4a85a66b3a63fbf6dc9b927cdacc8d66c122be962d9e8189	http://iiif-server-atjcn6za6q-uc.a.run.app/iiif/71eee99ad8c713b30255fb99f565ab9b5b3207f0faffaa13ee170d64
https://free.iiifhosting.com/iiif/d96e21ab11e8385bfa200502613babe668fa94fbf43703601bf15d278c32bbb	http://iiif-server-atjcn6za6q-uc.a.run.app/iiif/17a8b25597043026a7c4dcad3c75bd5efce6148f0c25f8086f28a985
https://free.iiifhosting.com/iiif/d24454a5c371ea8ac3a4d6f621f3f48325fc06128d3fceb10da352ba5d4dcc47	http://iiif-server-atjcn6za6q-uc.a.run.app/iiif/25b217cd41c02d9ba8cd91a1d29dddf58419c5b4878f0b011c48adb1
https://free.iiifhosting.com/iiif/71fb0cc6a58dfe3cacafd3582407f69618a7dc8ad051425eb468147e51e05969	http://iiif-server-atjcn6za6q-uc.a.run.app/iiif/b4c3b28febddcdaeb2ed634bba39b20bca5c2cc03f38b988350477e7
https://free.iiifhosting.com/iiif/9343100a0c648c4241c0954d314e58d3afa21464e152a994859c371cc8f4de50	http://iiif-server-atjcn6za6q-uc.a.run.app/iiif/f768cb6e1c66e14bc4da6890b53bf5e970cc7f2ebe5687763b088235
https://free.iiifhosting.com/iiif/1fb5c6ff4787e15a9484fa9962d65244d4110af100aae50f802178875e0bb719	http://iiif-server-atjcn6za6q-uc.a.run.app/iiif/a3acdb471d5a032f985ff3082a1ac2e4c1b0192ed769623a04fbab87
https://free.iiifhosting.com/iiif/1d8330df9548efc2df728aba351a29530e8efebbde397673db6de1fb6da01cc0	http://iiif-server-atjcn6za6q-uc.a.run.app/iiif/6c0908feda1d74c165e38451edc75436d144839753e6c8a1ba2f20b4
https://free.iiifhosting.com/iiif/1932ff9c4b3e302743de09c2469c6f8635d35562a0d04e5f25fe5eb4f5b3eb74	http://iiif-server-atjcn6za6q-uc.a.run.app/iiif/09e7c3eef8a388219b86ce7c2b43a81f9812e8a49d0051f49b3e57cf
https://free.iiifhosting.com/iiif/ababa63a2b825dbc5db97e5422a00f7d954f1620beb2e482eef630d73c4f46ce	http://iiif-server-atjcn6za6q-uc.a.run.app/iiif/8e94db260a7781200b1106996f335c49fc4a735ab47f58a984d3d290
https://free.iiifhosting.com/iiif/4ef67b5dab8d26ea66795f9d415719c8124d6866ec4930c68aa0839f8a31ba62	http://iiif-server-atjcn6za6q-uc.a.run.app/iiif/2ce7e999f9686b4f5a98206af20e91ec3893581f64e0858ef52a8312
https://free.iiifhosting.com/iiif/abef30a051c14a194372610a9449cf07ba627278fb17ecff20ead3b6b2facc80	http://iiif-server-atjcn6za6q-uc.a.run.app/iiif/e313090b7bf7a36e444315bfb8ec0dd685cf7b9f44997fc6fdeb0961
https://free.iiifhosting.com/iiif/4a71af6bed2125c1642299cf9958f04d263d997e1705820747888e3cb0489883	http://iiif-server-atjcn6za6q-uc.a.run.app/iiif/8834d7ee3f73b47946870d163b77bc0f471dd7b614a5ff6ce52995b0
https://free.iiifhosting.com/iiif/7dc166645a53c5f3a91d3257d9517b647e9cda060133b7314028d36da432ffb6	http://iiif-server-atjcn6za6q-uc.a.run.app/iiif/10f507b67a72e16a562a17ca2cba12ffb5a339188663424509e19b9a
https://free.iiifhosting.com/iiif/71ee79ded8b94fdaa9126e6b564bdd878cbfebbeae995967a5eb61466f473555	http://iiif-server-atjcn6za6q-uc.a.run.app/iiif/1902e83e183b3b67d0e8aeaf6e8f8b50ae89bd95996c2adccc65e6ef
https://free.iiifhosting.com/iiif/3b9dfbf8268cd0fe1915f95d85ff4955d96a5859e1f561c36a675578a74754b9	http://iiif-server-atjcn6za6q-uc.a.run.app/iiif/f96ddc7cb9b7a7c436c4de3d4c67a3b99791854ca7a156c633a19240
https://free.iiifhosting.com/iiif/ed7fc83e48217ab12e88bb70f0db983a95fdb1996f191eb14c2b35c0da09a2ab	http://iiif-server-atjcn6za6q-uc.a.run.app/iiif/6f0cd297bb1d4e0719a7e6650e95b8f09d1f884cc7c142688afbbfbd
https://free.iiifhosting.com/iiif/d415fe96a58b11e6443eadce4163c5f9b462b45cb4b2e2a24145b5446eca28c	http://iiif-server-atjcn6za6q-uc.a.run.app/iiif/15f91ebb3c75e5945f812bb6ab62fbff224de23f6672db6460e58c51
https://free.iiifhosting.com/iiif/2e6038fe8bddc45b5d161c292dac2d1ab08c14b769a4fd8e0756537153bf843e	http://iiif-server-atjcn6za6q-uc.a.run.app/iiif/24b86e30e33b0d6e83b390d34076ab3b3e3f39729511737a756d2d0d
https://free.iiifhosting.com/iiif/a2fcefec9a9ea68a06eeeac75b6b2b8c05a183e9f47cf04408fa7fcaad21caba	http://iiif-server-atjcn6za6q-uc.a.run.app/iiif/bdc12ff74e9979c0e79516eb934012bf1e407a3c7ea9c9798b736a0c
https://free.iiifhosting.com/iiif/da1f8c4e401b3a5ca109d60c2de88682bfa3a3f63cba587f5e28a653ac588389	http://iiif-server-atjcn6za6q-uc.a.run.app/iiif/9b78d7ba4d72bad0c1b0848ef4fbb5f2504838062d12cffe4d750411
https://free.iiifhosting.com/iiif/5caa8a7ee5e79604e83ea9e106acf4c414b5ccbf090b2aad59b3ffeaa8e1ba77	http://iiif-server-atjcn6za6q-uc.a.run.app/iiif/dc5cb27e8cb7fc23d536254a0f911c5c8fea62ed1dc65ce0b0cf5fff
https://free.iiifhosting.com/iiif/b04985ffc19f8423eba5e0b91f3c002d8ad39e9fb4c63c675045205e2ec8e61a	http://iiif-server-atjcn6za6q-uc.a.run.app/iiif/b47715aa07200b8fb983cdd558679fac61ce8ec4ee425be795983b3f
https://free.iiifhosting.com/iiif/fd778b00d5266227295e3f0a53ffb9db9faf2ba13d23ca8fe172ef30c3f39ad4	http://iiif-server-atjcn6za6q-uc.a.run.app/iiif/7bd8995a6fe526a69e779b24a9eb8b15dc6ac80209319c45fa1108c1
https://free.iiifhosting.com/iiif/a2b427ab6be76aa9f7e64a0e46cfaa00de06a5197c08aa20d056e2f94e1c8463	http://iiif-server-atjcn6za6q-uc.a.run.app/iiif/a3b9669abf0cb4e8090cd54659e1ff9fce6ead05952ed7d575741bf8
https://free.iiifhosting.com/iiif/cc224396fc27a3d6d1b96fb84e8434afdc93a1f1170ace03ae7a8ab9995a645a	http://iiif-server-atjcn6za6q-uc.a.run.app/iiif/e239bbbde0bf9e45e2e7de9558e5735ab01f71f6cc498a6ffe42417b
https://free.iiifhosting.com/iiif/c8e183e6da53610e3dcf4fae027caf75c9f30b97332d1feb46aba9e02f97b096	http://iiif-server-atjcn6za6q-uc.a.run.app/iiif/c074877a6babe47d4f67cc931e6f2e8e10af0776697bf6302ffba8d7
https://free.iiifhosting.com/iiif/8cf6d387a1227d3235246de625c89a59110b937904ef789c6d43134486bac8bb	http://iiif-server-atjcn6za6q-uc.a.run.app/iiif/b2de54fec53b3a8a51412c500decf1d7d54adc9d61b4743a0ed23217
https://free.iiifhosting.com/iiif/fcbc070e0adb24d0604a168c10a6c3f00bc15353d27d93d164f45f7dab24faa9	http://iiif-server-atjcn6za6q-uc.a.run.app/iiif/01e92d175132e17100e0225dfd49a929908e71c0c297c268e0b7b2f8
https://free.iiifhosting.com/iiif/d3612fa19d5ea2098adfcccab01e666a354abfdb220a24fcc4aca1799f7af1ab	http://iiif-server-atjcn6za6q-uc.a.run.app/iiif/b831a10aa7fd333d841245a74bc0f305f3672c3703df92153e1088b0
https://free.iiifhosting.com/iiif/1dd9826ce31ec458938b3a812bfe623d7160f776068e61fdbfc877a6cbcb9760	http://iiif-server-atjcn6za6q-uc.a.run.app/iiif/6d8cd8d0c4f1796f5c9e53356a402b6e5418be216d001f7f8382149e
https://free.iiifhosting.com/iiif/70eaa472eba41f48759069133708ac64eb095b5fbfdcd52ecef386305349a107	http://iiif-server-atjcn6za6q-uc.a.run.app/iiif/6c4ad54db21d22ddfb7807714cd67b829b305216c29a355684fbce4c
https://free.iiifhosting.com/iiif/2c0a4ad3a5cbfdd089172bece06673e86e719b7ddd46fbcec5a2efad22f954d4	http://iiif-server-atjcn6za6q-uc.a.run.app/iiif/11830b2f17a6bac187125a83811542fc3da7f49bfdafd99e3f130137
https://free.iiifhosting.com/iiif/353b5eeecb5b49aaf6768ec4a146ca693c4479ad566910f6f946c9b166407a43	http://iiif-server-atjcn6za6q-uc.a.run.app/iiif/54259bb51312c2be7f3236088677073f2d11d3d534cf74f8ae5590d5
https://free.iiifhosting.com/iiif/e9d0b7e22560e72f015279aeff88cafe6ce031684755b475c0956637b7be092e	http://iiif-server-atjcn6za6q-uc.a.run.app/iiif/3cbf51b59e42bb1f05290d94d22f5198c2df20351fad1e875da800ca
https://free.iiifhosting.com/iiif/b4ad7baaa1d15f7906b2157d2b96b462633ec1cb842a1d98c7878c135144bc1c	http://iiif-server-atjcn6za6q-uc.a.run.app/iiif/5ec7cc8b93e29ec8146ec54ba0fb70c42737fb6b415cdedee702407c
https://free.iiifhosting.com/iiif/7b4d6c6031936dbe8889e45c7d50f4c9b56a12bb0f3ac938a919030d006618ed	http://iiif-server-atjcn6za6q-uc.a.run.app/iiif/824186c047ed27226e409e559f1b62827a8d0d8f8a5f9ffc61fee6f4
https://free.iiifhosting.com/iiif/cc8537541e4b41524987007fed488147f161b4dbacaf69862a978869cdf26fb	http://iiif-server-atjcn6za6q-uc.a.run.app/iiif/cde6201d88b9551129a09fbc4d3d8b75235b55e7be39a65dcee087cd
https://free.iiifhosting.com/iiif/94e3d8d1de2174de90b2cf249d92993d7e84051c26ecbbb3555d21ad833e2392	http://iiif-server-atjcn6za6q-uc.a.run.app/iiif/134a98d591cb1737352ebb0bfaf3753a18f68cb2c0598324776a07f2
https://free.iiifhosting.com/iiif/c6df65fe85e1ee863ebeb90523c365c8771fee3d6efed53f78dfa74d9f8ec174	http://iiif-server-atjcn6za6q-uc.a.run.app/iiif/2669842c00bc7beef9fbee11129a47bb9909920a2a0a11ef1a5e264b
https://free.iiifhosting.com/iiif/dffdef8c4bfb662d2958263be6c853c4eb9126a7f526bd01de09b683eebe941d	http://iiif-server-atjcn6za6q-uc.a.run.app/iiif/f8d04c796a6a4f57fc17fc683eafd3f3a49fbd7b7bd0762f658b18ff
https://free.iiifhosting.com/iiif/d9f4d9c52e17b22a027e8b639a4871f47a50f6b03d5ae643035a0a9a42300632	http://iiif-server-atjcn6za6q-uc.a.run.app/iiif/e2518bd45e497f23c60030ceb422dacd26ff6084f62e0c3f7fab3cee
https://free.iiifhosting.com/iiif/670435ca7dea4b23d694a8f6e5240066552d4f7d91106d9cd4bfe45fee60c04f	http://iiif-server-atjcn6za6q-uc.a.run.app/iiif/f9902ebee5c70e4a282b4b2ec1e0ceb41d7bbf4e961bfd8ea8740fb4
https://free.iiifhosting.com/iiif/a7b089602ebc7a25c75f601987917278f67cdb4ed4632ba51740edc00ccbe604	http://iiif-server-atjcn6za6q-uc.a.run.app/iiif/ac1d970c93bc461f01fbdd0396af9c6b9c6ba939aa135e08c5bfda89
https://free.iiifhosting.com/iiif/18782fb019cf6422871762f012f3c3f36c047bffad394ba2690d438a4ba5def8	http://iiif-server-atjcn6za6q-uc.a.run.app/iiif/9fba9b71980699d370cc23889378cd7ed6f5fe6cd99cdec23587f72a
https://free.iiifhosting.com/iiif/618b75c4117acca13988e9e70b2bcc1156ed88509a7bc4bdacaf842bfceb360d	http://iiif-server-atjcn6za6q-uc.a.run.app/iiif/8e2282025e65b23ec92a31b323ceb2a97209e0f029676829b3b75b74
https://free.iiifhosting.com/iiif/d46144523eee02045964d01e0cc313f58479ee44c6a60752d950192632d8967a	http://iiif-server-atjcn6za6q-uc.a.run.app/iiif/f04573a506513db3d2453a8d64927023df013128bd75d8f555986a3b
https://free.iiifhosting.com/iiif/4c96297da2a119ed60ac4215e7f5a968e65773b44ee905d5b2c9d5c1ea759ae8	http://iiif-server-atjcn6za6q-uc.a.run.app/iiif/4a94a483ab79a33f7f35ff5794d7966032b80dc1108a13be5f7ab91d
https://free.iiifhosting.com/iiif/27c9c485c597d2d212372209ae08f7f4b362b15627134d2da6892f0d7b0dd436	http://iiif-server-atjcn6za6q-uc.a.run.app/iiif/e58a9618c59257170bff27eff7f520c8f92ad684810cb92727920d1d
https://free.iiifhosting.com/iiif/53f7fd45d99a399fc409dca678d36acf48171372cb16c869d1af6bf7c17db88f	http://iiif-server-atjcn6za6q-uc.a.run.app/iiif/73e485744187ccd8f08cfdfe84caf784bcec5fb1447084bdaeeb28fb
https://free.iiifhosting.com/iiif/c3a87d65f0fa51c4ada260741b803d008e13537750a645330aa787f15164efb	http://iiif-server-atjcn6za6q-uc.a.run.app/iiif/23fa47e1afb9a71c546587b80b263c990442af22582e88140b1ade58
https://free.iiifhosting.com/iiif/c5d377c3ad74abb5be3e7a1ad54c86f3896bad289fb114d447dbc90f071a7789	http://iiif-server-atjcn6za6q-uc.a.run.app/iiif/e9f70893426d98ee3de78f774ef00f2460020294ae1c61965f8a812c
https://free.iiifhosting.com/iiif/a9573c500dd14e97a71ac5915d312d56ca6a02cad7d61a4844a0649a8ca49986	http://iiif-server-atjcn6za6q-uc.a.run.app/iiif/206fc7f44d24b3f094ee58e8ca08bebba533cbd52e5d1264246fdc5b
https://free.iiifhosting.com/iiif/157fe08d3ad2d73a8160ebd1a54473e43afc6234b5c1c39cb3cbd5d1908bba36	http://iiif-server-atjcn6za6q-uc.a.run.app/iiif/3b90dea1f1bda23be40c8e019c07cc6b68792a04701d3b151428ed66
https://free.iiifhosting.com/iiif/6201abc6e50995663fd2009468d88f1198b1653199994f15f881362700a8344f	http://iiif-server-atjcn6za6q-uc.a.run.app/iiif/7e762bbaf5f5cf3929fee6fe024b8d31a25be3fa12f061ceea48e9ac
https://free.iiifhosting.com/iiif/a2815d87380692b4277259e97dfbe274e9c11e09f8d78f581db5f11b5d07be40	http://iiif-server-atjcn6za6q-uc.a.run.app/iiif/345a84ddf07ff5f4a40068c331a4c14e440ebbc0465fb720356f9119
https://free.iiifhosting.com/iiif/433c5098564de5d9cda7c73f59ed61ee19adb82cb0ab83510a1dfa2360ee57ed	http://iiif-server-atjcn6za6q-uc.a.run.app/iiif/b0d371f19719b159aa56bea269b5a5a4efef8a38c7c8c894855665d3
https://free.iiifhosting.com/iiif/560d4a16fc92a354be508fea4012d12e66ba6aa5788d87f4162dae7e13829268	http://iiif-server-atjcn6za6q-uc.a.run.app/iiif/cbff704d6149724e4b8811b7abeb0c014a5f3b7b326ebc1e7985938f
https://free.iiifhosting.com/iiif/4c2da0ff5789e3e52dd4cd4586dc6be18e268bae6396b219a2bb4bafc635dc48	http://iiif-server-atjcn6za6q-uc.a.run.app/iiif/0b0e04e364591f1f5d288d7bf26f90ce484cedc428f792dc08030d5f
https://digital.onb.ac.at/rep/access/iiif/image/v2/5af078d29f16830c5724f778c6beb33d515d7a6fc0610e062f6737a170c1d34e339f9aefdef459ddebadfff555bbd0993bc3bba5aaaaca	http://iiif-server-atjcn6za6q-uc.a.run.app/iiif/d4303e397266a7bfa7df9c5fabbc224afa627abffb371513cdf89c14
https://free.iiifhosting.com/iiif/3984096814e82431198e76731adb4c5f8a14e0b697ee83701590b69405416edd	http://iiif-server-atjcn6za6q-uc.a.run.app/iiif/b2deaf52b40c9b9f5211d2d5523a1d1615a10b2d460531e87016f3b8
https://free.iiifhosting.com/iiif/53f2c7fccdcb3735cf1610fca1bac50f854f011a3d9ad5fc3f699f7db30c0865	http://iiif-server-atjcn6za6q-uc.a.run.app/iiif/e67bcf5f70e16e00308e1d3b1d9f49bd08ccd6c72eea00d7b78fdbc4
https://free.iiifhosting.com/iiif/9970217b18929bcbe650fbcaee0005e3b5a9d9cf5247b201829ce606a7024ca	http://iiif-server-atjcn6za6q-uc.a.run.app/iiif/8aa83e540916e4ad64d10f0bffc4cf52325c7eba070e4a85b0ef7c81
https://free.iiifhosting.com/iiif/b01e123e3308e6aa06bbe9586c49c294e4f4a8ac2f449ac920dbd5f99f2d5e3d	http://iiif-server-atjcn6za6q-uc.a.run.app/iiif/481558c4e9009831ac96eb63ef9a16dfbc09652288ee7c5b1cdd680f
https://free.iiifhosting.com/iiif/66a6495fa189c6a6de55d0becf41f10b466d7de10e77ef2fcc6a1fe98684623	http://iiif-server-atjcn6za6q-uc.a.run.app/iiif/e77542c8cd243ecbf442b87db3662e0db5426fccb6987d6283418cac
https://free.iiifhosting.com/iiif/b60d37323f26ef59184d480c331fbea2b267480442b49486c4c20303d4dcc671	http://iiif-server-atjcn6za6q-uc.a.run.app/iiif/a886cbff67e43cf75e8aee1fffa3aaabaf5d5248ca25521121fa1e40
https://free.iiifhosting.com/iiif/a15b26ca5bba31a93cb37e7e79e8eaa3775cd66ba694d976ff87d7e3a00ec1a1	http://iiif-server-atjcn6za6q-uc.a.run.app/iiif/850e63f0d31bafbbebeb10d109464b7c4c18a41248293dc984a5a676
https://free.iiifhosting.com/iiif/792e2a0b1b8a949e93f363f92c865126ac3e28d0a8f0fc5cc3d144c06d56b100	http://iiif-server-atjcn6za6q-uc.a.run.app/iiif/202debe4ec9409939674afa89245dabf2fa908dd08e4f6249c4ba802
https://free.iiifhosting.com/iiif/918fb181cefc5762f896b47718ba2a08b4b80e5b629a9ab511b1f578f1548352	http://iiif-server-atjcn6za6q-uc.a.run.app/iiif/382f137157d3788c55bdd00c29e06ee1b7eb455059fd8bab8326098a
https://free.iiifhosting.com/iiif/76dc4f2862d102dfafa1f631213ca4b10b6bbf2f765131e4d3c4eac226c7a12a	http://iiif-server-atjcn6za6q-uc.a.run.app/iiif/429b64fd7ba543d13dfba953b6255d0648d2c100db29af8325f6f628
https://free.iiifhosting.com/iiif/2a66fb5d5990b08d1fd26c914f8793b16ea0c917f0209379457265237ad7beb0	http://iiif-server-atjcn6za6q-uc.a.run.app/iiif/2dad0c646bebc95cec215adfe65fceecbb0132d2cf9e89c80c777a22
https://free.iiifhosting.com/iiif/804abf9d2593c67e1b53e3f67613081ddb715bd47c20d86e396c7bfc8740f4ae	http://iiif-server-atjcn6za6q-uc.a.run.app/iiif/8c36b88180fc7ff3066c5b4001fcfd87f6e5bf2e754a2b0769c66d64
https://free.iiifhosting.com/iiif/be4d9068dc51a9ffc79fe61cbb7a3651939453dbfbcfb011657da8f42eb49a5a	http://iiif-server-atjcn6za6q-uc.a.run.app/iiif/1c31dd791827fbb84f244cac354455576ba19876776daf81fcde6cab
https://free.iiifhosting.com/iiif/3504bcd31c12a41549df1bc99748fbb44785937f2b78867c10afb2b92c0576fd	http://iiif-server-atjcn6za6q-uc.a.run.app/iiif/96c193bc98aaaa79dd1765ea0d229221e3b25879567eef59f6b8bed3
https://free.iiifhosting.com/iiif/ee03cd8d6abd85cc5aabcedd919b8893e328450e93d76be44a4790a216682edb	http://iiif-server-atjcn6za6q-uc.a.run.app/iiif/693dab2a5be1bbdcdc7ed92d8ae235cb136ccfad8b1a0d2db36568cb
https://free.iiifhosting.com/iiif/440f2846e1b11608f3b87f279c35c81990b892b4f20df52413d0202b6faa2ce1	http://iiif-server-atjcn6za6q-uc.a.run.app/iiif/88e1a90842e21ca33e6fb20abdd50905ed887aec774e1b35d41c70e2
https://free.iiifhosting.com/iiif/b2ccd50a42880a608a95095437f0abfe21f44e441eeb68b9ae1574f1cc9447a5	http://iiif-server-atjcn6za6q-uc.a.run.app/iiif/6103c3e00c5cef33d0f946b77137fc2edd8164262727671e498d77c0
https://free.iiifhosting.com/iiif/a98b9f485e5179c075962b3667e23b2112130fb6e63b188d6f523c7971717e36	http://iiif-server-atjcn6za6q-uc.a.run.app/iiif/b5988e3fe6afd46996ab8b26968a370bbb646fc0df5d8eb7f1c0204e
https://free.iiifhosting.com/iiif/fe1800325f16da3925dae54ddd4610287461c8da8252f4aff582abca9de91d0d	http://iiif-server-atjcn6za6q-uc.a.run.app/iiif/752b87dac2237d40a74a66aa60138d89dafbaa12114b58009f662a1a
https://free.iiifhosting.com/iiif/206b92c8b391c447a4ffa133c1605bd95f3087f864118666adba0a2d73791edd	http://iiif-server-atjcn6za6q-uc.a.run.app/iiif/202b30e4c0200bcd88a32639d9f2cb5026cc10173cfd37ece562a464
https://free.iiifhosting.com/iiif/da1b4d4f0df9889c23f0aca6481e377f8a83328bf494fcc7fff9dd72cfea87c	http://iiif-server-atjcn6za6q-uc.a.run.app/iiif/b886f7a9eb9e6eb028c036c587c68b273d345d341f3eb85b35c3fbb6
https://free.iiifhosting.com/iiif/231ed6a0eb1ea1e8fc8b975fbdc3fd6410caff6807a831642f95283df95b8313	http://iiif-server-atjcn6za6q-uc.a.run.app/iiif/e67121ec0fd71bfa96a515a915a3fe8c991b2f4da11930fe16dd264e
https://free.iiifhosting.com/iiif/50777f8df64063675dc9d2f43965e4cd367ca363e0806752723ca16fcd255aac	http://iiif-server-atjcn6za6q-uc.a.run.app/iiif/eb3b76d053313822e46c556de9efe6583584357df8a3990dfdb39462
https://free.iiifhosting.com/iiif/a66c739e4a362abd1c36a92fba3d5d8601b0218600f3015b56435f6ac01ab549	http://iiif-server-atjcn6za6q-uc.a.run.app/iiif/043bd5b8894904004d320c1f580031eb9e220b9d1d599be9e37f97c7
https://free.iiifhosting.com/iiif/99edd84412ae9b8fe33cf510551c4a3a37c6936b969a5bc9b13b8f5ef58c97ff	http://iiif-server-atjcn6za6q-uc.a.run.app/iiif/91915efb25f53388b4901d64409822f3726352eaba0d8ec61519003b
https://free.iiifhosting.com/iiif/2d7f7348a2d14b17504e210bd4f957e9bce8d6cd79bb766e365336e622028ae4	http://iiif-server-atjcn6za6q-uc.a.run.app/iiif/0a1d29a53f0fbb8372d27448d3cf82f4ce9546786a7f6dc0a5e4a62c
https://free.iiifhosting.com/iiif/a0eca77f592549ac115a5f4213a28bc6a0d570dc7a29ec66195b05ba51db1bb7	http://iiif-server-atjcn6za6q-uc.a.run.app/iiif/9f3053a819ff2fa80ae4dcf4a830b259132943fe5312999cd83071cd
https://free.iiifhosting.com/iiif/28da7f2535694d2a08f8eef8c96005a741adf25a42b3d3240e8c4c322a82acfd	http://iiif-server-atjcn6za6q-uc.a.run.app/iiif/f91cc8a5ba9cba155b8df9860edf450ea09f448741f9c11bd3d4a6d7
https://free.iiifhosting.com/iiif/e40f37911ffd1d06a563b09c707dd2a2f845fa42c1177b98bb5544a6a84e81d1	http://iiif-server-atjcn6za6q-uc.a.run.app/iiif/c0e16ab3e2ca8b052dd612aa5e5912bd13a8367d59ca8990d02d21bd
https://free.iiifhosting.com/iiif/674c547be9d52c43e5222685db85dd62315dbe52ba9efaad3978bd7cfc38d9dd	http://iiif-server-atjcn6za6q-uc.a.run.app/iiif/071aa295d076c7ec3a6d6437e4487644b7f125c6c2d88e3e922c41c9
https://free.iiifhosting.com/iiif/b5a7403c010bd094c4834c7abaa8ea709c6144baf7b2ae2bf8d9503539cd5b45	http://iiif-server-atjcn6za6q-uc.a.run.app/iiif/d98bd46e40d6c450d3942b9affd568338db28c241ddb0eab30ff664e
https://free.iiifhosting.com/iiif/516cb9b51b80c52526cfc7c5bbe853a942b690d18cb01da929f20ab4d4bc19ba	http://iiif-server-atjcn6za6q-uc.a.run.app/iiif/46018282215c31d824f917836f50eaf009b0111da0bc83405eb04b39
https://free.iiifhosting.com/iiif/7d2edfc3d30720c6301e6aef5f6172a9e4e247e00886fa9fdaa1e9792b6ca1d3	http://iiif-server-atjcn6za6q-uc.a.run.app/iiif/7ca7cd84895266a339d7305255d5b20977b2c093e325531bf34879a5
https://free.iiifhosting.com/iiif/25ac74baeee443c7db841758763cadb8277a420857649ee033d995b42a3317de	http://iiif-server-atjcn6za6q-uc.a.run.app/iiif/4f4fd8af64852c4aef87cb46e59e15fcf9205f6a6769a2ce582e131a
https://free.iiifhosting.com/iiif/6a00cee6ab5009979dbdf765fa959558c9397bd8f924dd2c65500e6897c2944a	http://iiif-server-atjcn6za6q-uc.a.run.app/iiif/6f1c4cf265b60b73d737990bddf072a397d666296731e6a3e10e1ffc
https://free.iiifhosting.com/iiif/584e79e545157b0be557a8ea935e8b7b3f8c7d48c8960df680cb5d8984b053f7	http://iiif-server-atjcn6za6q-uc.a.run.app/iiif/9e59c4ee1bb83972c987511a10d981e33957336cb53efb376f314705
https://free.iiifhosting.com/iiif/fa79c024dd396dc1d27fda4952db4dd93655c3dd0eae5e415e49ff5e2b4c1b1e	http://iiif-server-atjcn6za6q-uc.a.run.app/iiif/e87f0112bbbcbd9f8d93604ffafe19d6c238e4859675de844807d3c7
https://free.iiifhosting.com/iiif/af5fcf8e0f9ebd03bf030168275f679def86eda8a09bdfe98b0f417351a19258	http://iiif-server-atjcn6za6q-uc.a.run.app/iiif/93bf72780866d0948c02d93dbdd9cc637aef02a12a5d573fbbbe8c05
https://free.iiifhosting.com/iiif/42605a29e7861037d88f280488f4f1bf525744b62f979a5e312131786fbc10b5	http://iiif-server-atjcn6za6q-uc.a.run.app/iiif/dbdb2b0bb00e311ae3a83be029bbc04cd10357d11fb12c5600e4cbd9
https://free.iiifhosting.com/iiif/f18e5b3f9ecd7e065f9b228196d5fab41038d0e5098b7fbaa520d684d1398da6	http://iiif-server-atjcn6za6q-uc.a.run.app/iiif/f27db04ee86f7d067f7f4151824657851145eb0b00d503fc4598c1e3
https://free.iiifhosting.com/iiif/78e8fd41409bd621e273872ee058ec37d67364a878abbc3792b3f4ae4a45bee3	http://iiif-server-atjcn6za6q-uc.a.run.app/iiif/cf5cb68436139b72e1bfd181114db6490cf0bc27193d0df2b66fecbb
https://free.iiifhosting.com/iiif/946417abf874969ccb7ed3e11de335c107f89d030c8a7d27fe55a2c9892bb2c1	http://iiif-server-atjcn6za6q-uc.a.run.app/iiif/a097d669d1d00f8be97bdf73315642fe1c514b179caf23d8711a82b0
https://free.iiifhosting.com/iiif/f9b087d64f741d8f1ce17b6a538e4bc3d512ad28ca6ca5e5d6ab9aed66509343	http://iiif-server-atjcn6za6q-uc.a.run.app/iiif/9ac2fce94dc587e09f39e56fb333d6da9708b0e6005fd8e299bea90b
https://free.iiifhosting.com/iiif/ba2f217efdf25d87a4fc0e79c0b096245ef26d4ebde668bd65af649d05b2deb1	http://iiif-server-atjcn6za6q-uc.a.run.app/iiif/01b21adb49dc6e883c64abeaa4859d9b9e7ad124bee74b229725a680
https://free.iiifhosting.com/iiif/3d57332362c71d9d659babd60430f7773dbafc4858fd709f1f1f2efa87385663	http://iiif-server-atjcn6za6q-uc.a.run.app/iiif/9488450d1bb4316e7f0c0aca3295ab579a9f1fd4252fa599b77f1a4b
https://free.iiifhosting.com/iiif/4e3bc0b7fb9279f4b836f01cbd1be17391bf1942d4e059aa64397766b2ace6ef	http://iiif-server-atjcn6za6q-uc.a.run.app/iiif/0b4cfcc1598329e6c70797243b3de4d8dbca9e9f50c020a1dd3d0c86
https://api.nga.gov/iiif/22841324-032f-468a-9a89-5feae6b56128	http://iiif-server-atjcn6za6q-uc.a.run.app/iiif/3b05430108907f8a30ffb5632e6ee9fb10689f3e13c2d96c48e4c492
https://free.iiifhosting.com/iiif/996626b3b8ea4ce14c5b74fdc95092937ce45d1e48fd51175775b06e118c479d	http://iiif-server-atjcn6za6q-uc.a.run.app/iiif/41dc62b7429be92bfd4248f7bff9a9c603d2b3d4dcac43f8f6b8cb79
https://free.iiifhosting.com/iiif/68a7e49cad2c291996b1f48f22d05c39b2e4044bc517bf9f00358c3034a5eb1b	http://iiif-server-atjcn6za6q-uc.a.run.app/iiif/4a2e3457100b33f2773e61a23fe215824a71a9fcc6a5c680412393ef
https://free.iiifhosting.com/iiif/889e7e4264c8f1a3ff5b1051b19657677e706150795ff1c1cc6ac62f72f44ff5	http://iiif-server-atjcn6za6q-uc.a.run.app/iiif/709998015d06ad1f8a6ce8d4bf99f5e6fd8474724b6c47f6cd26fa0e
https://free.iiifhosting.com/iiif/ddf64da05548a798c7844115b634125c07d7c65f9ae9c5e1a50cc838f46e507e	http://iiif-server-atjcn6za6q-uc.a.run.app/iiif/5cb14d83dcf02a4a3fa5a731400cc72b1f505736729235eb6f59ec1a
https://free.iiifhosting.com/iiif/2b150d0fac889c5b868b03b23e24d28818fe1b8c3c1494b86f27a9e3f71a0e68	http://iiif-server-atjcn6za6q-uc.a.run.app/iiif/509bfdf88e4d27f2b6f52e3e6c4df9aba98f1400d101ee529c208512
https://free.iiifhosting.com/iiif/5e86c4c7667d33fb4f3efac3906186255f79c94f13ff2d6c1f6cfb8bcd47d027	http://iiif-server-atjcn6za6q-uc.a.run.app/iiif/41e8794eebe3add3871fd0bebd033b91d24479978c1c3a16806b3731
https://free.iiifhosting.com/iiif/15adaddb26ac7f059579fd73b2cac4c4c5570771d108331867162f32a8a9c478	http://iiif-server-atjcn6za6q-uc.a.run.app/iiif/1562e21bf0bfb62d1edd1e6617313aec66404c95d76cc285e9591e09
https://free.iiifhosting.com/iiif/35b23a938ce86f1aff62e8be42fd19aa80dcaeb3bebec720613d8f7d0a396f1e	http://iiif-server-atjcn6za6q-uc.a.run.app/iiif/18f48033a040649d7e3c9b3b408c80f5f6a51316d69a4a9388e1b42b
https://free.iiifhosting.com/iiif/53b782e6dd66e07a2815b02c0affaa1baca6c61040f3118dd5373e2bdce1a252	http://iiif-server-atjcn6za6q-uc.a.run.app/iiif/564f56ed0d60350f99246529e259d240c78cf8c54bba294dd15409ce
https://free.iiifhosting.com/iiif/3d63068345e0db4c9eabc8fbea65948ca05c6987d95dfedcb4dba6c68408d455	http://iiif-server-atjcn6za6q-uc.a.run.app/iiif/c6cea7849ff7d9703c19423f8447a3fc03b040050714da73babcdf43
https://free.iiifhosting.com/iiif/1ffed49fb359d9a789d91cf2e05f1fd82034de2c9572de349d0c015978a5819c	http://iiif-server-atjcn6za6q-uc.a.run.app/iiif/cf6a43cd50570bac48d0f4f842644c9166fb3c78175a3aaedc40dd72
https://free.iiifhosting.com/iiif/6f887847621b55174293b4ca2ad363cea45e411803b8dc117d433397a6ba805c	http://iiif-server-atjcn6za6q-uc.a.run.app/iiif/5928fe56d112db5146b24d3eaf1f01f5c5ba4f793d39af9a63bfe21a
https://free.iiifhosting.com/iiif/473daeace61720014efac47618c115ad84c52d87c971773dfb63eeff7146bba4	http://iiif-server-atjcn6za6q-uc.a.run.app/iiif/99d170a9e455babde9dd6a0b7bde7c26c28c6d2d2bc7c931ee505f44
https://free.iiifhosting.com/iiif/78d06900344b2b5a76d1365b5ed09ddb9297f64476983c28127c49136178f8fd	http://iiif-server-atjcn6za6q-uc.a.run.app/iiif/57ffb020a2c22cf9b11e7bff5fd389cbb8f759d47b7cd58e7407af1a
https://free.iiifhosting.com/iiif/d64fa1f3ac08eda74ef1cd3ddc6c0e395b550337fb8b42c9973b19f295e4b057	http://iiif-server-atjcn6za6q-uc.a.run.app/iiif/a44c13a29565b604e18d21cdd90281f7c32e7b49b4798234a63337a2
https://free.iiifhosting.com/iiif/5aea0cad09001bd5bbe03bdd903d5b5cdcdf6296724d1f1e846013300fc52f88	http://iiif-server-atjcn6za6q-uc.a.run.app/iiif/57a5781b6f04a62e0bdb8036401a8eb38a82395687031121f8d08696
https://free.iiifhosting.com/iiif/aa41fdecd694afccb7c9dc8795e0db2cfc3d893e3c26e72af669d56b5d8bb984	http://iiif-server-atjcn6za6q-uc.a.run.app/iiif/5ec4f3ef2b2e8b67e52cf01b6bbf22c3e01a2aa81360dd59710e0317
https://free.iiifhosting.com/iiif/983dda46aec98ca7336f2a03d50fb32482562e048bf0b921276466ba1425fc0f	http://iiif-server-atjcn6za6q-uc.a.run.app/iiif/b9805d9047a0b0d9407465108091ba15451e432a86f9ff825400de30
https://free.iiifhosting.com/iiif/52aa14933f9092eb4b3aecdc24a3f64ecbe34cb3bdbb3863510c45afa22e8193	http://iiif-server-atjcn6za6q-uc.a.run.app/iiif/e3933e56b21acaf60b4806355b944131f9dd40dd668cae9b9e2324da
https://free.iiifhosting.com/iiif/8554fc8fa94f664e1ed11000432e18ff53288238d31877de70436093e15d7d7b	http://iiif-server-atjcn6za6q-uc.a.run.app/iiif/781f3a36a2b636aa34804429e90ef29da3a21d8edea8fcdcc2d5cd2b
https://free.iiifhosting.com/iiif/53dbcad96842f13f6baca5ff91fd3e7bf360d33fa971285945337a179e6e6c4a	http://iiif-server-atjcn6za6q-uc.a.run.app/iiif/46e5d657cb7a937d925db3ebfb0ea05c8244408663c3d40e425e0285
https://free.iiifhosting.com/iiif/f22f8acd3a0b9b1609beccd5ebb2cd679e6bc283755861dedec63593e290998a	http://iiif-server-atjcn6za6q-uc.a.run.app/iiif/f76f88d22a416f52a02a3ab868a684501e8acb74bb6b18a0182be8d2
https://free.iiifhosting.com/iiif/7a786acf09d083ee061d35eab68c7e882358773a5c6f51e74060539d7490c7ba	http://iiif-server-atjcn6za6q-uc.a.run.app/iiif/30f0afabe6c1a52622369d4ec5db4e51681d993ab1ae20f008e3e08b
https://free.iiifhosting.com/iiif/8c55a614eb031ce58f307f003b98ca70783499739547554affed25e6240e85d7	http://iiif-server-atjcn6za6q-uc.a.run.app/iiif/ef16f59f4dbf78623d06b4a34fdfe907520bfeff062655e4ff24ec6c
https://free.iiifhosting.com/iiif/bcdbf2b723917ca5281a3cb8d31c2876e8694b8d16b5ac6e403761e29bc6a0eb	http://iiif-server-atjcn6za6q-uc.a.run.app/iiif/4727f0f92d4fae8be70ee930cdd0107e256807db16e9cde54cf4ebe1
https://free.iiifhosting.com/iiif/8913e1474e53cdaeee647f24b23915e8e51b727409730438676ceb6b9ef61e1a	http://iiif-server-atjcn6za6q-uc.a.run.app/iiif/4fc787368d9e9b71545deb6dee43b058dd4aa2f0887bc6a4668684a5
https://free.iiifhosting.com/iiif/df023d74a4c841160ec331bab429e66c1088d9c74c9b7dbfe36a082acc53fb0e	http://iiif-server-atjcn6za6q-uc.a.run.app/iiif/61e18750897d19a6a9ad3db92de9f6e3442b4f5b9987b2fc3591c7c8
https://free.iiifhosting.com/iiif/5ff9fe5bb04d2416717682c5a499c791edbe99d7ee3a8ebd142028cc0bfb1409	http://iiif-server-atjcn6za6q-uc.a.run.app/iiif/02b134e9c224d494d75030e9c8955f8c296d402aec94b402d8b74a00
https://free.iiifhosting.com/iiif/5889656cf17c982b03a716eef65c02459091cfe6e06ff5caf7a7ed269e2af09b	http://iiif-server-atjcn6za6q-uc.a.run.app/iiif/a497cd2e2df12a90368de807a920fa64fb5684cb5518013852212698
https://free.iiifhosting.com/iiif/332f675271142d17d12b9841be76972752c57fa666c44b595d771395d8c531de	http://iiif-server-atjcn6za6q-uc.a.run.app/iiif/7d21468ca53007e7f462fe1582fa6d66b9e51aee386be91f498c5bd4
https://free.iiifhosting.com/iiif/e90cf02601fc182f7c7173ae8e62aa6294725d68ad909d37ecd794c73c8a841f	http://iiif-server-atjcn6za6q-uc.a.run.app/iiif/b6808fa3be37e3f49442fb22b2df596be82595be2a4e69f08fbe96dd
https://free.iiifhosting.com/iiif/c50f785a0d363ce0e4eecaa5de7036d1ec326fa7749a447ddc19965a236b2c5a	http://iiif-server-atjcn6za6q-uc.a.run.app/iiif/1b88ea27838a61905779a610c53409357e9a725feb5da0f29fccb517
https://free.iiifhosting.com/iiif/c6c838fc64ffc80682ddcb8837a48bc7157577ab04567630b5f0bbfbcaa5514a	http://iiif-server-atjcn6za6q-uc.a.run.app/iiif/eae92dadd0b10efc0c1b84598b54c4f00c09b5ac3699646a45077e5c
https://free.iiifhosting.com/iiif/de34e5338424c4f504eaf1d403044076927a2344dcee756f4eaa9c9a8b8d0b1b	http://iiif-server-atjcn6za6q-uc.a.run.app/iiif/f15af7c92105544934b3e9be61e614b8ee1867c889ba6a1f02b7c24d
https://free.iiifhosting.com/iiif/16b68f0f890479e1ff4d14c5b7d8c4ab8a7dd2d5dc9f8d23756c4686c7d9e77a	http://iiif-server-atjcn6za6q-uc.a.run.app/iiif/af6faeefc6e6ff8c223c6846ebf0aac7b2ac98829c44b300f7dc4cfb
https://free.iiifhosting.com/iiif/64b8a60fd03991e03773863abb771ccbf9dace4971ff214f9be78aed1cfd98a1	http://iiif-server-atjcn6za6q-uc.a.run.app/iiif/da442c7944edf23abaabd8383482a23cd2e97189d766d39724ac76b7
https://free.iiifhosting.com/iiif/59c9f46fc6ba90364e68d2051d610da5b46e02311734852db1c6b899f4b73adf	http://iiif-server-atjcn6za6q-uc.a.run.app/iiif/549f9e467bec6e264625137dd24e1bcf56b1f83478d117c0cae6cc9a
https://free.iiifhosting.com/iiif/95a068fa1b8d8a22f41f5d4e2773d0950ee2227d5d102da6ba509637717f8ed6	http://iiif-server-atjcn6za6q-uc.a.run.app/iiif/15b6d81ea029e37eba84ef813f98f03be6db3613ed021d2fa9c6dc86
https://free.iiifhosting.com/iiif/93c5bdf53425e0cf39c79db1769fd1ab3a4cefc2c610bd9fde195a5150b97de	http://iiif-server-atjcn6za6q-uc.a.run.app/iiif/8d03f36521a51dd33fd5495f46193f171ee580b9fe35b047bb5f7c81
https://free.iiifhosting.com/iiif/fe720df7585e06ada759b3fa16ecfe1b37c9d7ed363503035edb9f5f2ee33626	http://iiif-server-atjcn6za6q-uc.a.run.app/iiif/05bcc8a2c8659b5f8ba4657ed7c55821cecaea1f2274fcdd364f3eaa
https://free.iiifhosting.com/iiif/1bc1d4288c529f48db1b6d2b8f771886959af4abd339f77bb5f67f8221d67dc9	http://iiif-server-atjcn6za6q-uc.a.run.app/iiif/7b2a8b5ccff20b0af151a331e1fd74732a4b6f52cce21c96c114340f
https://free.iiifhosting.com/iiif/6f5bb811ab80223dbf10746d963007f3d5b5f055e6c357ca7239bffe2906cb17	http://iiif-server-atjcn6za6q-uc.a.run.app/iiif/dd341d40ff6df612ca4f3a2aba2389165d12c37ed381f3813855b7b2
https://free.iiifhosting.com/iiif/9dfe72b19a3ad8f61391c29067e7e4350e4d39fc5c002caa359027dbc85db70	http://iiif-server-atjcn6za6q-uc.a.run.app/iiif/12ef1a7e811fc33708b5ca958fbadbd33b6e1f6b9484bee0df59117c
https://free.iiifhosting.com/iiif/9f237eb1c987e6c9d1ef1082ef55c8fa937f2ae002fe1a37444497122d29f330	http://iiif-server-atjcn6za6q-uc.a.run.app/iiif/079d3593badfd26bb4cecdc3946887480700235ffc39402b25782538
https://free.iiifhosting.com/iiif/791e810c7eb976511a6c0003bfa5c8f7c867aca99a086bb4fdb00590569ca038	http://iiif-server-atjcn6za6q-uc.a.run.app/iiif/443bf5d81e10f84bcb3fd43b7d99a4eaa70075ef49bd3f2338f00f35
https://free.iiifhosting.com/iiif/a0557cbd003ec6d7fce18f4e3840fc6bf0775c6a4dcc3372e500d20337178fef	http://iiif-server-atjcn6za6q-uc.a.run.app/iiif/4cc2fd97b209e30244dde7397019149e80abe11215bb25744ac86434
https://free.iiifhosting.com/iiif/54171c23384801ae7bc2b7a8d43bf08438b6c84c0253bbde0e37d131ff60245a	http://iiif-server-atjcn6za6q-uc.a.run.app/iiif/d8b81009552b725fe679f2c5a43576c06054b9c1beb6d0ac7566e62e
https://free.iiifhosting.com/iiif/35dcd9a7e43c57c2b760973df806af10f68a2b334515c5501f4ca7dd77c74f60	http://iiif-server-atjcn6za6q-uc.a.run.app/iiif/5c8f708bcd365c590b89e1778c32ac4904b7936451311614406b02ad
https://free.iiifhosting.com/iiif/b619fe6b7041990bd4fe197f68b2dc7b4873551b776a6f876cf3143986ca5949	http://iiif-server-atjcn6za6q-uc.a.run.app/iiif/ead24f2fe3cc7e9106d146ed71ba8944f114afc536a667e84da3be88
https://free.iiifhosting.com/iiif/5605a42b650eb935590e86797d7e80cf0027c8d1208afa54e7c525b40b135ea5	http://iiif-server-atjcn6za6q-uc.a.run.app/iiif/2902c5a5938e0d46e9d336398639638084507a63c7ddf6a01b039367
https://free.iiifhosting.com/iiif/3069026db3ed437ddfc2fa403a90f158416ad777b16b5007b3185fd53526c858	http://iiif-server-atjcn6za6q-uc.a.run.app/iiif/ab9ed6948b310c30283cab786f3010311ba6a2bed786a9aecbf1b7e0
https://free.iiifhosting.com/iiif/135022753f6cdb467e3769e294b635f3d499c93edb0bf8596d005888a28a411a	http://iiif-server-atjcn6za6q-uc.a.run.app/iiif/175db0e01cab4b3a66b2657d1d6dbf4e7eb0a7744f08a74837b5b9d7
https://free.iiifhosting.com/iiif/221df64db097a3bb16103ccb155fd572bf71c85b83fc56c0158435eae5882a22	http://iiif-server-atjcn6za6q-uc.a.run.app/iiif/4f53b7e19f7ce9dc7439af370aeb1555f8dc7885d0dd0c91358a4980
https://free.iiifhosting.com/iiif/2d697a8607137c8b78f350a3aef6f7ceab915bc92d2adc8ffb9ca9b7e48b4ac8	http://iiif-server-atjcn6za6q-uc.a.run.app/iiif/121e91619626fd919688d9e98a7696894e4657668f7bc9140532fad1
https://free.iiifhosting.com/iiif/d3d602962dadd9425bc8f279b5f228a07f6a45ec46429aada7d251daf683686a	http://iiif-server-atjcn6za6q-uc.a.run.app/iiif/e0235d852ee07918e616f39696a728850abe6a9deef43b992144e47f
https://free.iiifhosting.com/iiif/3f8117e70e9d1cd3be4fb8124c7e505091e175ad32271caab1a2dae09e96a018	http://iiif-server-atjcn6za6q-uc.a.run.app/iiif/7f83f5a7fd57893274d150e10e33a79ec760851e1f80db1ea5ce197f
https://free.iiifhosting.com/iiif/78667777130db34f8a1865e0d3f47784d33fc2de6f5c3f9166680009852d0bda	http://iiif-server-atjcn6za6q-uc.a.run.app/iiif/b375e458ce41b134eb8719643b23533924b694498a74d03d6dc0b2eb
https://free.iiifhosting.com/iiif/dddb9a563dfc11aabd4141ff93dd6a9e80609470a0713eca24f51e81b8662e62	http://iiif-server-atjcn6za6q-uc.a.run.app/iiif/0c7923040985cfa489837f0c89d6afd0a90058a023a4458380901bf1
https://free.iiifhosting.com/iiif/e580bc80c75f540d6f2d02c839f4b5bb4eb1d66a6fbb4ec4725fb848b9e9833c	http://iiif-server-atjcn6za6q-uc.a.run.app/iiif/cefcd5fc218f7ce1fc08c8c5f8198d7874df6f1eea0c7d82c2a45402
https://free.iiifhosting.com/iiif/55f01c55b7379b23a102831a176a173ee16147150f9c641546049b24782b784e	http://iiif-server-atjcn6za6q-uc.a.run.app/iiif/50c74f6d965c42869a61c0a10aca4875bbb14ae94ddb2349a3a8ca71
https://free.iiifhosting.com/iiif/18395dadb3b0ca5cff4d3588de1112e3e05c618b5a681cc00f877e2c8a3b291c	http://iiif-server-atjcn6za6q-uc.a.run.app/iiif/1d2a8b4fcd2564fcb3f357e8bc9fb2813f9bb0c51a6357081f18f2de
https://free.iiifhosting.com/iiif/cb11e60c0a704dae7c469bb5114411a0aedaa1a495d53c856c735cf4033c81e2	http://iiif-server-atjcn6za6q-uc.a.run.app/iiif/0789a12527bc234b9e744d66eb910e60400040562422fba7864828e9
https://free.iiifhosting.com/iiif/bb39c0ad73c7d3be982ed6ba46f358280608df9bff21942c963f1e5c9c806190	http://iiif-server-atjcn6za6q-uc.a.run.app/iiif/ff16894e18f5cde37f6b8f725c9da4840ce31178ac04eac0b4dfd491
